{
  "Identity_LDCT": {
    "PSNR": 28.21812603330785,
    "SSIM": 0.6243837359798101,
    "RMSE": 0.08175542246317491
  },
  "Gaussian_default_sigma1.0": {
    "PSNR": 29.93770395682322,
    "SSIM": 0.8595697400648303,
    "RMSE": 0.06399140899884515
  },
  "Gaussian_over_smooth_sigma2.0": {
    "PSNR": 25.925067605401196,
    "SSIM": 0.7885793591453516,
    "RMSE": 0.10143606446217746
  },
  "Median_default_3x3": {
    "PSNR": 31.63332699788573,
    "SSIM": 0.8162794060553429,
    "RMSE": 0.05305183507152833
  },
  "Median_over_smooth_7x7": {
    "PSNR": 26.409539922769202,
    "SSIM": 0.8011448847598723,
    "RMSE": 0.09584553743479773
  },
  "Box_default_3x3": {
    "PSNR": 30.157962808550337,
    "SSIM": 0.8446720741443464,
    "RMSE": 0.06244888037326746
  },
  "Box_over_smooth_7x7": {
    "PSNR": 24.936114431049127,
    "SSIM": 0.7523826909491529,
    "RMSE": 0.11363856762181967
  },
  "Wiener_default_5x5": {
    "PSNR": 31.748274044076155,
    "SSIM": 0.8694888354606208,
    "RMSE": 0.05250530273769982
  }
}