{
  "Gaussian": {
    "params": {
      "sigma": 0.6
    },
    "val": {
      "PSNR": 31.934752803723427,
      "SSIM": 0.8110556704676823,
      "RMSE": 0.05186751039582305
    },
    "test": {
      "PSNR": 31.696197417060944,
      "SSIM": 0.8107007422731044,
      "RMSE": 0.05319943077483913
    }
  },
  "Median": {
    "params": {
      "size": 3
    },
    "val": {
      "PSNR": 32.434046071450325,
      "SSIM": 0.8325961782940966,
      "RMSE": 0.04853406653273851
    },
    "test": {
      "PSNR": 31.633327011446568,
      "SSIM": 0.8162794060553429,
      "RMSE": 0.05305183507152833
    }
  },
  "Bilateral": {
    "params": {
      "sigma_color": 0.08,
      "sigma_spatial": 2.5
    },
    "val": {
      "PSNR": 31.148995083253,
      "SSIM": 0.8181575359317472,
      "RMSE": 0.056118031847290695
    },
    "test": {
      "PSNR": 31.07118187514982,
      "SSIM": 0.8208160740578715,
      "RMSE": 0.056585664016893134
    }
  }
}