{
  "TV_default_weight0.1": {
    "PSNR": 32.936820607628036,
    "SSIM": 0.8973119592677191,
    "RMSE": 0.04556419471919071
  },
  "TV_light_weight0.03": {
    "PSNR": 32.15404666917782,
    "SSIM": 0.8155762352966951,
    "RMSE": 0.052687227907881606
  },
  "Bilateral_default": {
    "PSNR": 31.064277843522877,
    "SSIM": 0.7903807644727457,
    "RMSE": 0.058180578795145266
  }
}