{
  "hybrid_val": {
    "PSNR": 35.41626146851024,
    "SSIM": 0.9115272779141822,
    "RMSE": 0.03447087593667675,
    "LDCT_PSNR": 28.298830625097366,
    "LDCT_SSIM": 0.6285470971930619,
    "LDCT_RMSE": 0.0811213734705234,
    "Delta_PSNR": 7.117430843412876,
    "Delta_SSIM": 0.2829801807211203,
    "Delta_RMSE": -0.04665049753384665
  },
  "hybrid_test": {
    "PSNR": 35.11973058102569,
    "SSIM": 0.9040200762522063,
    "RMSE": 0.035581500713306013,
    "LDCT_PSNR": 28.21812596587381,
    "LDCT_SSIM": 0.6243837359798101,
    "LDCT_RMSE": 0.08175542246317491,
    "Delta_PSNR": 6.901604615151882,
    "Delta_SSIM": 0.27963634027239614,
    "Delta_RMSE": -0.046173921749868896
  },
  "redcnn_test": {
    "Method": "RED-CNN",
    "PSNR": 35.0199146163269,
    "SSIM": 0.9027927220660893,
    "RMSE": 0.03598128494923003,
    "LDCT_PSNR": 28.21812596587381,
    "LDCT_SSIM": 0.6243837359798101,
    "LDCT_RMSE": 0.08175542246317491,
    "Delta_PSNR": 6.801788650453091,
    "Delta_SSIM": 0.2784089860862792,
    "Delta_RMSE": -0.04577413751394488
  },
  "old_edge_guided_test": {
    "Method": "Edge-Guided EG-LDM + Tuned",
    "PSNR": 28.462856274525734,
    "SSIM": 0.7101694394772604,
    "RMSE": 0.07651803833141457,
    "LDCT_PSNR": 28.21812596587381,
    "LDCT_SSIM": 0.6243837359798101,
    "LDCT_RMSE": 0.08175542246317491,
    "Delta_PSNR": 0.24473030865192413,
    "Delta_SSIM": 0.0857857034974503,
    "Delta_RMSE": -0.0052373841317603365
  },
  "delta_vs_redcnn_test": {
    "PSNR": 0.0998159646987915,
    "SSIM": 0.001227354186116969,
    "RMSE": -0.0003997842359240167
  },
  "delta_vs_old_edge_guided_test": {
    "PSNR": 6.656874306499958,
    "SSIM": 0.19385063677494585,
    "RMSE": -0.04093653761810856
  }
}