{
  "anchor_val": {
    "PSNR": 35.339378420691105,
    "SSIM": 0.9103587150355346,
    "RMSE": 0.03477727172867162,
    "LDCT_PSNR": 28.298830625097366,
    "LDCT_SSIM": 0.6285470971930619,
    "LDCT_RMSE": 0.0811213734705234,
    "Delta_PSNR": 7.0405477955937386,
    "Delta_SSIM": 0.28181161784247266,
    "Delta_RMSE": -0.04634410174185177
  },
  "hybrid_val": {
    "PSNR": 35.41626146851024,
    "SSIM": 0.9115272779141822,
    "RMSE": 0.03447087593667675,
    "LDCT_PSNR": 28.298830625097366,
    "LDCT_SSIM": 0.6285470971930619,
    "LDCT_RMSE": 0.0811213734705234,
    "Delta_PSNR": 7.117430843412876,
    "Delta_SSIM": 0.2829801807211203,
    "Delta_RMSE": -0.04665049753384665
  },
  "anchor_test": {
    "PSNR": 35.019908447246166,
    "SSIM": 0.9027928664479131,
    "RMSE": 0.035981303837616,
    "LDCT_PSNR": 28.21812596587381,
    "LDCT_SSIM": 0.6243837359798101,
    "LDCT_RMSE": 0.08175542246317491,
    "Delta_PSNR": 6.801782481372356,
    "Delta_SSIM": 0.278409130468103,
    "Delta_RMSE": -0.04577411862555891
  },
  "hybrid_test": {
    "PSNR": 35.11973058102569,
    "SSIM": 0.9040200762522063,
    "RMSE": 0.035581500713306013,
    "LDCT_PSNR": 28.21812596587381,
    "LDCT_SSIM": 0.6243837359798101,
    "LDCT_RMSE": 0.08175542246317491,
    "Delta_PSNR": 6.901604615151882,
    "Delta_SSIM": 0.27963634027239614,
    "Delta_RMSE": -0.046173921749868896
  }
}