{
  "best": {
    "num_inference_steps": 1,
    "strength": 0.0,
    "controlnet_conditioning_scale": 0.8,
    "direct_timestep": 20,
    "output_blend_alpha": 1.0,
    "anchor_blend_alpha": 0.03,
    "edge_adaptive_blend_strength": 0.15,
    "edge_adaptive_blur_sigma": 0.0,
    "PSNR": 35.47292700080118,
    "SSIM": 0.9139504755671355,
    "RMSE": 0.03439283213810995,
    "LDCT_PSNR": 28.27448738781652,
    "LDCT_SSIM": 0.6329941691732102,
    "LDCT_RMSE": 0.08142766318633221,
    "Delta_PSNR": 7.198439612984657,
    "Delta_SSIM": 0.2809563063939253,
    "Delta_RMSE": -0.04703483104822226,
    "objective_score": 10.478350987406133
  },
  "trials": [
    {
      "num_inference_steps": 1,
      "strength": 0.0,
      "controlnet_conditioning_scale": 0.8,
      "direct_timestep": 20,
      "output_blend_alpha": 1.0,
      "anchor_blend_alpha": 0.03,
      "edge_adaptive_blend_strength": 0.15,
      "edge_adaptive_blur_sigma": 0.0,
      "PSNR": 35.47292700080118,
      "SSIM": 0.9139504755671355,
      "RMSE": 0.03439283213810995,
      "LDCT_PSNR": 28.27448738781652,
      "LDCT_SSIM": 0.6329941691732102,
      "LDCT_RMSE": 0.08142766318633221,
      "Delta_PSNR": 7.198439612984657,
      "Delta_SSIM": 0.2809563063939253,
      "Delta_RMSE": -0.04703483104822226,
      "objective_score": 10.478350987406133
    },
    {
      "num_inference_steps": 1,
      "strength": 0.0,
      "controlnet_conditioning_scale": 0.8,
      "direct_timestep": 20,
      "output_blend_alpha": 1.0,
      "anchor_blend_alpha": 0.03,
      "edge_adaptive_blend_strength": 0.1,
      "edge_adaptive_blur_sigma": 0.0,
      "PSNR": 35.45430379776201,
      "SSIM": 0.9138543863968066,
      "RMSE": 0.034455999950296246,
      "LDCT_PSNR": 28.27448738781652,
      "LDCT_SSIM": 0.6329941691732102,
      "LDCT_RMSE": 0.08142766318633221,
      "Delta_PSNR": 7.179816409945488,
      "Delta_SSIM": 0.28086021722359644,
      "Delta_RMSE": -0.046971663236035965,
      "objective_score": 10.458135214541812
    },
    {
      "num_inference_steps": 1,
      "strength": 0.0,
      "controlnet_conditioning_scale": 0.8,
      "direct_timestep": 20,
      "output_blend_alpha": 1.0,
      "anchor_blend_alpha": 0.03,
      "edge_adaptive_blend_strength": 0.05,
      "edge_adaptive_blur_sigma": 0.0,
      "PSNR": 35.43321868447504,
      "SSIM": 0.9137314281902127,
      "RMSE": 0.03452937988913618,
      "LDCT_PSNR": 28.27448738781652,
      "LDCT_SSIM": 0.6329941691732102,
      "LDCT_RMSE": 0.08142766318633221,
      "Delta_PSNR": 7.158731296658516,
      "Delta_SSIM": 0.2807372590170025,
      "Delta_RMSE": -0.04689828329719603,
      "objective_score": 10.435086719800502
    },
    {
      "num_inference_steps": 1,
      "strength": 0.0,
      "controlnet_conditioning_scale": 0.8,
      "direct_timestep": 20,
      "output_blend_alpha": 1.0,
      "anchor_blend_alpha": 0.05,
      "edge_adaptive_blend_strength": 0.15,
      "edge_adaptive_blur_sigma": 0.0,
      "PSNR": 35.383438315670105,
      "SSIM": 0.9137404047373512,
      "RMSE": 0.03470627676870208,
      "LDCT_PSNR": 28.27448738781652,
      "LDCT_SSIM": 0.6329941691732102,
      "LDCT_RMSE": 0.08142766318633221,
      "Delta_PSNR": 7.108950927853584,
      "Delta_SSIM": 0.280746235564141,
      "Delta_RMSE": -0.04672138641763013,
      "objective_score": 10.383627147671296
    },
    {
      "num_inference_steps": 1,
      "strength": 0.0,
      "controlnet_conditioning_scale": 0.8,
      "direct_timestep": 20,
      "output_blend_alpha": 1.0,
      "anchor_blend_alpha": 0.05,
      "edge_adaptive_blend_strength": 0.1,
      "edge_adaptive_blur_sigma": 0.0,
      "PSNR": 35.362369444648834,
      "SSIM": 0.9136309730434412,
      "RMSE": 0.034779769979650155,
      "LDCT_PSNR": 28.27448738781652,
      "LDCT_SSIM": 0.6329941691732102,
      "LDCT_RMSE": 0.08142766318633221,
      "Delta_PSNR": 7.0878820568323135,
      "Delta_SSIM": 0.28063680387023104,
      "Delta_RMSE": -0.046647893206682056,
      "objective_score": 10.360729027601444
    },
    {
      "num_inference_steps": 1,
      "strength": 0.0,
      "controlnet_conditioning_scale": 0.8,
      "direct_timestep": 20,
      "output_blend_alpha": 1.0,
      "anchor_blend_alpha": 0.05,
      "edge_adaptive_blend_strength": 0.05,
      "edge_adaptive_blur_sigma": 0.0,
      "PSNR": 35.33883057204923,
      "SSIM": 0.9134942458694613,
      "RMSE": 0.034863656357629225,
      "LDCT_PSNR": 28.27448738781652,
      "LDCT_SSIM": 0.6329941691732102,
      "LDCT_RMSE": 0.08142766318633221,
      "Delta_PSNR": 7.064343184232712,
      "Delta_SSIM": 0.2805000766962511,
      "Delta_RMSE": -0.046564006828702986,
      "objective_score": 10.334984019482253
    },
    {
      "num_inference_steps": 1,
      "strength": 0.0,
      "controlnet_conditioning_scale": 0.8,
      "direct_timestep": 20,
      "output_blend_alpha": 1.0,
      "anchor_blend_alpha": 0.07,
      "edge_adaptive_blend_strength": 0.15,
      "edge_adaptive_blur_sigma": 0.0,
      "PSNR": 35.23052484957418,
      "SSIM": 0.9130712673422969,
      "RMSE": 0.03526926855556667,
      "LDCT_PSNR": 28.27448738781652,
      "LDCT_SSIM": 0.6329941691732102,
      "LDCT_RMSE": 0.08142766318633221,
      "Delta_PSNR": 6.95603746175766,
      "Delta_SSIM": 0.28007709816908677,
      "Delta_RMSE": -0.04615839463076554,
      "objective_score": 10.218392389756183
    },
    {
      "num_inference_steps": 1,
      "strength": 0.0,
      "controlnet_conditioning_scale": 0.8,
      "direct_timestep": 20,
      "output_blend_alpha": 1.0,
      "anchor_blend_alpha": 0.07,
      "edge_adaptive_blend_strength": 0.1,
      "edge_adaptive_blur_sigma": 0.0,
      "PSNR": 35.206024837176415,
      "SSIM": 0.9129430286242664,
      "RMSE": 0.035358002613065764,
      "LDCT_PSNR": 28.27448738781652,
      "LDCT_SSIM": 0.6329941691732102,
      "LDCT_RMSE": 0.08142766318633221,
      "Delta_PSNR": 6.931537449359894,
      "Delta_SSIM": 0.2799488594510562,
      "Delta_RMSE": -0.04606966057326645,
      "objective_score": 10.19172264960312
    },
    {
      "num_inference_steps": 1,
      "strength": 0.0,
      "controlnet_conditioning_scale": 0.8,
      "direct_timestep": 20,
      "output_blend_alpha": 1.0,
      "anchor_blend_alpha": 0.07,
      "edge_adaptive_blend_strength": 0.05,
      "edge_adaptive_blur_sigma": 0.0,
      "PSNR": 35.179068159739586,
      "SSIM": 0.9127870482758763,
      "RMSE": 0.03545732695783954,
      "LDCT_PSNR": 28.27448738781652,
      "LDCT_SSIM": 0.6329941691732102,
      "LDCT_RMSE": 0.08142766318633221,
      "Delta_PSNR": 6.904580771923065,
      "Delta_SSIM": 0.27979287910266615,
      "Delta_RMSE": -0.04597033622849267,
      "objective_score": 10.162212925234654
    }
  ]
}