{
  "rows": [
    {
      "Method": "LDCT",
      "PSNR": 28.21812596587381,
      "SSIM": 0.6243837359798101,
      "RMSE": 0.08175542246317491,
      "LDCT_PSNR": 28.21812596587381,
      "LDCT_SSIM": 0.6243837359798101,
      "LDCT_RMSE": 0.08175542246317491,
      "Delta_PSNR": 0.0,
      "Delta_SSIM": 0.0,
      "Delta_RMSE": 0.0
    },
    {
      "Method": "RED-CNN",
      "PSNR": 35.0199146163269,
      "SSIM": 0.9027927220660893,
      "RMSE": 0.03598128494923003,
      "LDCT_PSNR": 28.21812596587381,
      "LDCT_SSIM": 0.6243837359798101,
      "LDCT_RMSE": 0.08175542246317491,
      "Delta_PSNR": 6.801788650453091,
      "Delta_SSIM": 0.2784089860862792,
      "Delta_RMSE": -0.04577413751394488
    },
    {
      "Method": "No-Edge EG-LDM",
      "PSNR": 27.68091185061178,
      "SSIM": 0.706294035005249,
      "RMSE": 0.08327783778076991,
      "LDCT_PSNR": 28.21812596587381,
      "LDCT_SSIM": 0.6243837359798101,
      "LDCT_RMSE": 0.08175542246317491,
      "Delta_PSNR": -0.5372141152620316,
      "Delta_SSIM": 0.08191029902543889,
      "Delta_RMSE": 0.001522415317595005
    },
    {
      "Method": "Edge-Guided EG-LDM + Tuned",
      "PSNR": 28.462856274525734,
      "SSIM": 0.7101694394772604,
      "RMSE": 0.07651803833141457,
      "LDCT_PSNR": 28.21812596587381,
      "LDCT_SSIM": 0.6243837359798101,
      "LDCT_RMSE": 0.08175542246317491,
      "Delta_PSNR": 0.24473030865192413,
      "Delta_SSIM": 0.0857857034974503,
      "Delta_RMSE": -0.0052373841317603365
    }
  ]
}
